Iterations,run_1,run_2,run_3,run_4,run_5
0,152398,154420,149085,150238,152000
1,152476,154420,152129,150238,152000
2,152817,155357,154797,152624,152653
3,157986,155357,155199,159663,154974
4,159638,157594,156316,159663,159538
5,159638,157594,159627,159975,163845
6,162444,164028,160858,164942,164636
7,164152,164909,163641,166490,164896
8,168566,170070,168197,166766,168191
9,170570,170835,171240,174045,170953
10,170780,176258,174175,174154,173407
11,171753,177086,174175,175026,178144
12,178791,178956,178692,176987,178144
13,180133,179386,180816,180839,178144
14,185521,183143,181789,182463,180968
15,188847,184859,182916,182824,184954
16,188847,185664,187617,188115,185145
17,188847,188332,190994,191295,186620
18,189436,194858,194007,197211,192212
19,191426,194858,194007,197211,193303
20,195054,201800,196460,199367,195359
21,196421,201800,196460,200100,196582
22,202851,201800,202744,201868,200793
23,202851,202135,202744,201868,200985
24,205433,205594,203305,204483,207398
25,205433,206792,205589,207493,207398
26,207949,209596,205769,210405,207398
27,209006,209596,209613,210405,207398
28,209113,212622,210954,210405,209648
29,212635,215182,210954,212246,211881
30,213187,215182,211484,212966,211881
31,215140,215182,213837,212966,216336
32,215140,217220,215383,214493,216336
33,216265,219330,215383,215509,216336
34,218290,219532,217901,218344,219861
35,218290,219532,217901,218344,219861
36,218290,220680,219459,218344,219861
37,220773,220680,219459,219004,219861
38,220773,220882,219459,220805,220379
39,222461,223685,219459,222086,220379
40,222461,223685,219827,222086,222940
41,222461,224600,219827,223012,223275
42,225443,224935,220884,223012,223550
43,225500,226807,221159,223264,226458
44,225500,226807,221159,224760,226458
45,225500,226957,222364,224760,226458
46,228781,226957,222364,225807,226788
47,228781,227698,222694,226926,226788
48,228781,229137,227283,227216,226840
49,228781,229612,227283,227816,228202
50,229539,229758,227283,227816,228202
51,229539,231806,227283,228302,229401
52,230774,231806,227283,229420,229401
53,231455,231806,227296,232022,229563
54,231455,232535,227647,232022,230303
55,231455,232535,229112,232022,231629
56,231455,232536,229342,232422,231629
57,233986,233957,230641,232422,231629
58,234045,234353,230641,232422,232293
59,234045,234408,230641,232422,232854
60,234263,235323,230641,234470,233049
61,234263,235563,230792,234470,233314
62,236701,235942,231528,235221,235666
63,236701,235942,232058,235221,235666
64,236701,237333,232394,235221,235666
65,236701,237622,232940,235603,235666
66,236701,237622,233356,235754,236955
67,236701,238203,233726,235754,236955
68,237449,238203,233781,236950,237356
69,237461,239101,234544,236950,237923
70,238005,239101,235278,237219,237923
71,238005,240109,235820,237280,237923
72,238511,240203,236891,237466,237923
73,238855,240203,236891,237466,238545
74,239677,240766,236891,238607,239036
75,239847,240766,236891,239211,239036
76,239847,240766,237493,239211,239254
77,240614,241977,237601,239211,239677
78,240614,241977,238111,239211,240233
79,241415,242360,238111,239211,240233
80,241432,242360,238770,240797,240738
81,241533,242360,239594,240797,240738
82,241552,243067,239594,240797,240949
83,242384,243373,239998,241529,241239
84,242384,243373,239998,241529,241239
85,242384,243373,239998,241529,241501
86,242747,243605,240317,241529,241501
87,243414,244245,240317,241529,242414
88,243414,244245,240317,241829,242414
89,243414,244389,240375,241829,242558
90,243534,244389,241267,241915,242558
91,243534,244389,241267,242777,242732
92,243600,244389,241402,242777,242732
93,244094,244622,241402,242777,243097
94,244187,245164,241402,243356,243213
95,244943,245164,241672,243356,243379
96,244943,245450,241822,243356,243590
97,244943,245450,242021,243957,244527
98,244943,245450,243156,243957,244527
99,244943,246048,243156,243957,244527
100,245024,246168,243156,243957,244527
101,245410,246168,243156,243962,244527
102,245410,246234,243156,243962,244886
103,245410,246303,243464,244321,245302
104,245410,246306,243464,244321,245302
105,245827,246480,244105,244321,245357
106,245827,246480,244105,244939,245357
107,245866,246630,244105,244939,245357
108,245866,246960,244456,244939,245357
109,245866,246960,244456,244939,245357
110,245888,247131,244516,245142,245395
111,246152,247131,244586,245688,245428
112,246293,247341,244885,245688,245703
113,246293,247341,244987,245688,245703
114,246801,247341,245081,245688,245852
115,246801,247341,245081,245688,245997
116,246801,247503,245287,245736,245997
117,246801,247841,245287,245741,245997
118,246801,247841,245287,245741,246010
119,246801,247841,245664,245868,246241
120,246989,247841,245664,245868,246348
121,246989,247901,245664,245937,246348
122,247148,247901,245774,245937,246477
123,247148,247951,246045,246280,246759
124,247148,247951,246269,246280,246759
125,247251,247951,246701,246385,246759
126,247251,247951,246701,246499,246759
127,247251,248023,246701,246499,246759
128,247361,248023,246701,246601,246759
129,247361,248023,246911,246601,246793
130,247483,248147,246911,246601,246793
131,247483,248147,246911,246871,246793
132,247497,248185,246911,246900,246793
133,247522,248185,247232,247041,247118
134,247596,248279,247232,247041,247118
135,247718,248302,247232,247105,247218
136,247718,248372,247301,247105,247218
137,247718,248441,247301,247105,247218
138,247961,248441,247301,247105,247218
139,247961,248441,247301,247107,247266
140,247961,248441,247549,247157,247301
141,247963,248497,247549,247377,247366
142,247963,248497,247549,247387,247411
143,247963,248497,247737,247387,247411
144,247963,248516,247737,247387,247411
145,247963,248516,247748,247456,247544
146,247963,248516,247748,247456,247600
147,247963,248516,247754,247459,247600
148,248049,248516,247754,247483,247672
149,248075,248633,247808,247508,247700
150,248184,248633,247808,247508,247737
151,248184,248659,247849,247586,247737
152,248184,248659,247888,247586,247739
153,248184,248659,247894,247599,247746
154,248184,248659,247894,247599,247867
155,248221,248686,247894,247600,248015
156,248319,248686,247943,247681,248015
157,248319,248686,247944,247699,248015
158,248424,248719,247944,247792,248015
159,248424,248719,247944,247846,248015
160,248424,248781,247944,247894,248015
161,248424,248781,247987,247894,248017
162,248424,248781,248006,247894,248017
163,248424,248781,248006,247894,248075
164,248424,248881,248006,247894,248075
165,248424,248881,248006,247937,248079
166,248424,248881,248006,248040,248195
167,248424,248881,248006,248092,248195
168,248424,248916,248006,248092,248277
169,248424,248916,248006,248092,248277
170,248424,248916,248006,248199,248330
171,248424,248916,248006,248199,248330
172,248424,249026,248006,248199,248330
173,248465,249026,248006,248199,248330
174,248465,249026,248006,248199,248330
175,248465,249026,248006,248199,248330
176,248465,249026,248006,248199,248334
177,248465,249026,248006,248199,248334
178,248465,249026,248006,248199,248353
179,248465,249026,248006,248199,248353
180,248465,249119,248006,248244,248353
181,248465,249231,248006,248244,248353
182,248465,249231,248006,248244,248353
183,248465,249231,248006,248244,248353
184,248465,249231,248006,248244,248473
185,248465,249231,248006,248244,248473
186,248465,249231,248006,248244,248473
187,248465,249231,248006,248244,248473
188,248472,249231,248006,248244,248473
189,248472,249231,248006,248244,248473
190,248472,249232,248006,248244,248473
191,248472,249232,248006,248244,248518
192,248472,249233,248006,248244,248518
193,248472,249233,248006,248244,248518
194,248472,249233,248006,248244,248518
195,248472,249233,248006,248254,248518
196,248472,249233,248006,248254,248518
197,248472,249233,248006,248261,248565
198,248472,249233,248006,248261,248565
199,248472,249233,248006,248261,248569
200,248472,249233,248204,248261,248569
201,248472,249233,248204,248261,248600
202,248472,249233,248204,248279,248645
203,248472,249233,248204,248279,248645
204,248472,249233,248204,248279,248645
205,248472,249233,248204,248279,248649
206,248472,249233,248204,248279,248649
207,248472,249233,248204,248279,248649
208,248472,249233,248204,248279,248649
209,248472,249233,248365,248279,248649
210,248472,249233,248365,248279,248692
211,248472,249233,248365,248279,248692
212,248472,249233,248365,248279,248692
213,248472,249233,248365,248279,248692
214,248472,249233,248369,248279,248692
215,248472,249233,248369,248279,248692
216,248472,249233,248369,248279,248692
217,248472,249233,248369,248279,248692
218,248472,249233,248369,248279,248692
219,248472,249233,248369,248279,248692
220,248472,249233,248369,248279,248692
221,248472,249233,248369,248279,248692
222,248472,249233,248369,248279,248692
223,248472,249233,248369,248279,248725
224,248472,249233,248369,248279,248725
225,248472,249233,248369,248279,248725
226,248472,249233,248369,248279,248725
227,248472,249233,248369,248279,248725
228,248472,249233,248369,248279,248725
229,248472,249233,248369,248279,248725
230,248472,249233,248369,248279,248725
231,248472,249233,248369,248279,248725
232,248472,249233,248369,248279,248725
233,248472,249233,248369,248279,248725
234,248472,249233,248369,248279,248725
235,248472,249233,248369,248279,248725
236,248472,249233,248369,248292,248725
237,248472,249233,248369,248292,248725
238,248472,249233,248369,248292,248725
239,248472,249233,248369,248292,248725
240,248472,249233,248369,248292,248725
241,248472,249233,248369,248292,248725
242,248472,249233,248369,248292,248725
243,248472,249233,248405,248292,248725
244,248472,249233,248405,248292,248725
245,248472,249233,248405,248292,248725
246,248472,249233,248405,248292,248725
247,248472,249233,248405,248292,248725
248,248472,249233,248405,248292,248725
249,248472,249233,248405,248292,248725
250,248472,249233,248405,248292,248725
251,248472,249233,248405,248292,248725
252,248472,249233,248405,248292,248725
253,248472,249233,248405,248292,248725
254,248472,249233,248405,248292,248725
255,248472,249233,248405,248292,248725
256,248472,249233,248405,248292,248725
257,248472,249233,248405,248292,248725
258,248472,249233,248405,248292,248725
259,248472,249233,248405,248292,248725
260,248472,249233,248405,248292,248725
261,248472,249233,248405,248292,248725
262,248684,249233,248405,248292,248725
263,248684,249233,248405,248292,248725
264,248684,249233,248405,248292,248725
265,248684,249233,248405,248292,248725
266,248684,249233,248405,248292,248725
267,248684,249233,248422,248292,248725
268,248684,249233,248422,248292,248725
269,248684,249233,248422,248292,248725
270,248684,249233,248422,248292,248725
271,248684,249233,248422,248292,248725
272,248684,249233,248422,248292,248725
273,248684,249233,248422,248292,248725
274,248684,249233,248422,248292,248725
275,248684,249233,248422,248292,248725
276,248684,249233,248422,248292,248725
277,248684,249233,248422,248292,248725
278,248684,249233,248422,248292,248725
279,248684,249233,248514,248292,248725
280,248684,249233,248514,248292,248725
281,248684,249233,248514,248292,248725
282,248684,249233,248514,248292,248725
283,248684,249233,248514,248292,248725
284,248684,249233,248514,248292,248725
285,248684,249233,248514,248292,248725
286,248684,249233,248514,248292,248725
287,248684,249233,248514,248292,248725
288,248684,249233,248514,248292,248725
289,248684,249233,248514,248292,248725
290,248684,249233,248514,248292,248725
291,248684,249233,248514,248292,248725
292,248684,249233,248514,248292,248725
293,248684,249233,248514,248292,248725
294,248684,249233,248514,248292,248725
295,248688,249233,248514,248292,248725
296,248688,249233,248514,248292,248725
297,248688,249233,248514,248292,248725
298,248688,249233,248514,248292,248725
299,248688,249233,248514,248292,248725
300,248688,249233,248514,248292,248725
301,248688,249233,248514,248292,248725
302,248688,249233,248514,248292,248725
303,248688,249233,248514,248292,248725
304,248688,249233,248514,248292,248725
305,248688,249233,248514,248292,248725
306,248688,249233,248514,248292,248725
307,248688,249233,248514,248292,248725
308,248688,249233,248514,248292,248725
309,248688,249233,248514,248292,248725
310,248688,249233,248514,248292,248725
311,248688,249233,248514,248292,248725
312,248688,249233,248514,248292,248725
313,248688,249233,248514,248292,248725
314,248688,249233,248514,248292,248725
315,248688,249233,248514,248292,248725
316,248688,249233,248514,248292,248725
317,248688,249233,248514,248292,248725
318,248688,249233,248514,248292,248725
319,248688,249233,248514,248292,248725
320,248688,249233,248514,248292,248725
321,248688,249233,248514,248292,248725
322,248688,249233,248514,248292,248725
323,248688,249233,248514,248292,248725
324,248688,249233,248514,248292,248725
325,248688,249233,248514,248292,248725
326,248688,249233,248514,248292,248725
327,248688,249233,248514,248292,248725
328,248688,249233,248514,248292,248725
329,248688,249233,248514,248292,248725
330,248688,249233,248514,248292,248725
331,248688,249233,248514,248292,248725
332,248688,249233,248514,248292,248725
333,248688,249233,248514,248292,248725
334,248688,249233,248514,248292,248725
335,248688,249233,248514,248292,248725
336,248688,249233,248514,248292,248725
337,248688,249233,248514,248292,248725
338,248688,249233,248514,248292,248725
339,248688,249233,248514,248292,248725
340,248688,249233,248514,248292,248725
341,248688,249233,248514,248292,248725
342,248688,249233,248514,248292,248725
343,248688,249233,248514,248292,248725
344,248688,249233,248514,248292,248725
345,248688,249233,248514,248292,248725
346,248688,249233,248514,248292,248725
347,248688,249233,248514,248292,248725
348,248688,249233,248514,248292,248725
349,248688,249233,248514,248292,248725
350,248688,249233,248514,248292,248725
351,248688,249233,248514,248292,248725
352,248688,249233,248514,248292,248725
353,248688,249233,248514,248292,248725
354,248688,249233,248514,248292,248725
355,248688,249233,248514,248292,248725
356,248688,249233,248514,248292,248725
357,248688,249233,248514,248292,248725
358,248688,249233,248514,248292,248725
359,248688,249233,248514,248292,248725
360,248688,249233,248514,248292,248725
361,248688,249233,248514,248292,248725
362,248688,249233,248514,248292,248725
363,248688,249233,248514,248292,248725
364,248688,249233,248514,248292,248725
365,248707,249233,248514,248292,248725
366,248707,249233,248514,248292,248725
367,248707,249233,248514,248292,248725
368,248707,249233,248514,248292,248725
369,248707,249233,248514,248292,248725
370,248707,249233,248514,248292,248725
371,248707,249233,248514,248292,248725
372,248707,249233,248514,248292,248725
373,248707,249233,248514,248292,248725
374,248707,249233,248514,248292,248725
375,248707,249233,248514,248292,248725
376,248790,249233,248514,248292,248725
377,248790,249233,248514,248292,248725
378,248790,249233,248514,248292,248725
379,248790,249233,248514,248292,248725
380,248856,249233,248514,248292,248725
381,248856,249233,248514,248292,248725
382,248856,249233,248514,248292,248725
383,248856,249233,248514,248292,248725
384,248856,249233,248514,248292,248725
385,248856,249233,248514,248292,248725
386,248856,249233,248514,248292,248725
387,248856,249233,248514,248292,248725
388,248856,249233,248514,248292,248725
389,248856,249233,248514,248292,248725
390,248856,249233,248514,248292,248725
391,248856,249233,248514,248292,248725
392,248856,249233,248514,248292,248725
393,248856,249233,248514,248292,248725
394,248856,249233,248514,248292,248725
395,248856,249233,248514,248292,248725
396,248856,249233,248514,248292,248725
397,248856,249233,248514,248292,248725
398,248856,249233,248514,248292,248725
399,248856,249233,248514,248292,248725
400,248856,249233,248514,248292,248725
401,248856,249233,248514,248292,248725
402,248856,249233,248514,248292,248725
403,248856,249233,248514,248292,248725
404,248856,249233,248514,248292,248725
405,248856,249233,248514,248292,248725
406,248856,249233,248514,248292,248725
407,248856,249233,248514,248292,248725
408,248856,249233,248514,248292,248725
409,248856,249233,248514,248292,248725
410,248856,249233,248514,248292,248725
411,248856,249233,248514,248292,248725
412,248856,249233,248514,248292,248725
413,248856,249233,248514,248292,248725
414,248856,249233,248514,248292,248725
415,248856,249233,248514,248292,248725
416,248856,249233,248514,248292,248725
417,248856,249233,248514,248292,248725
418,248856,249233,248514,248292,248725
419,248856,249233,248514,248292,248725
420,248856,249233,248514,248292,248725
421,248856,249233,248514,248292,248725
422,248856,249233,248514,248292,248725
423,248856,249233,248514,248292,248725
424,248856,249233,248514,248292,248725
425,248856,249233,248514,248292,248725
426,248856,249233,248514,248292,248725
427,248856,249233,248514,248292,248725
428,248856,249233,248514,248292,248725
429,248856,249233,248514,248292,248725
430,248856,249233,248514,248292,248725
431,248856,249233,248514,248292,248725
432,248856,249233,248514,248292,248725
433,248856,249233,248514,248292,248725
434,248856,249233,248514,248292,248725
435,248856,249233,248514,248292,248725
436,248856,249233,248514,248292,248725
437,248856,249233,248514,248292,248725
438,248856,249233,248514,248292,248725
439,248856,249233,248514,248292,248725
440,248856,249233,248514,248292,248725
441,248856,249233,248514,248292,248725
442,248856,249233,248514,248292,248725
443,248856,249233,248514,248292,248725
444,248856,249233,248514,248292,248725
445,248856,249233,248514,248292,248725
446,248856,249233,248514,248292,248725
447,248856,249233,248514,248292,248725
448,248856,249233,248514,248292,248725
449,248856,249233,248514,248292,248725
450,248856,249233,248514,248292,248725
451,248856,249233,248514,248292,248725
452,248856,249233,248514,248292,248725
453,248856,249233,248514,248292,248725
454,248856,249233,248514,248292,248725
455,248856,249233,248514,248292,248725
456,248856,249233,248514,248292,248725
457,248856,249233,248514,248292,248725
458,248856,249233,248514,248292,248725
459,248856,249233,248514,248292,248725
460,248856,249233,248514,248292,248725
461,248856,249233,248514,248292,248725
462,248856,249233,248514,248292,248725
463,248856,249233,248514,248292,248725
464,248856,249233,248514,248292,248725
465,248856,249233,248514,248292,248725
466,248856,249233,248514,248292,248725
467,248856,249233,248514,248292,248725
468,248856,249233,248514,248292,248725
469,248856,249233,248514,248292,248725
470,248856,249233,248514,248292,248725
471,248856,249233,248514,248292,248725
472,248856,249233,248514,248292,248725
473,248856,249233,248514,248292,248725
474,248856,249233,248514,248292,248725
475,248856,249233,248514,248292,248725
476,248856,249233,248514,248292,248725
477,248856,249233,248514,248292,248725
478,248856,249233,248514,248292,248725
479,248856,249233,248514,248292,248725
480,248856,249233,248514,248292,248725
481,248856,249233,248514,248292,248725
482,248856,249233,248514,248292,248725
483,248856,249233,248514,248292,248725
484,248856,249233,248514,248292,248725
485,248856,249233,248514,248292,248725
486,248856,249233,248514,248292,248725
487,248856,249233,248514,248292,248725
488,248856,249233,248514,248292,248725
489,248856,249233,248514,248292,248725
490,248856,249233,248514,248292,248725
491,248856,249233,248514,248292,248725
492,248856,249233,248514,248292,248725
493,248856,249233,248514,248292,248725
494,248856,249233,248514,248292,248725
495,248856,249233,248514,248292,248725
496,248856,249233,248514,248292,248725
497,248856,249233,248514,248292,248725
498,248856,249233,248514,248292,248725
499,248856,249233,248514,248292,248725
500,248856,249233,248514,248292,248725
501,248856,249233,248514,248292,248725
502,248856,249233,248514,248292,248725
503,248856,249233,248514,248292,248725
504,248856,249233,248514,248292,248725
505,248856,249233,248514,248292,248725
506,248856,249233,248514,248292,248725
507,248856,249233,248514,248292,248725
508,248856,249233,248514,248292,248725
509,248856,249233,248514,248292,248725
510,248856,249233,248514,248292,248725
511,248856,249233,248514,248292,248725
512,248856,249233,248514,248292,248725
513,248856,249233,248514,248292,248725
514,248856,249233,248514,248292,248725
515,248856,249233,248514,248292,248725
516,248856,249233,248514,248292,248725
517,248856,249233,248514,248292,248725
518,248856,249233,248514,248292,248725
519,248856,249233,248514,248292,248725
520,248856,249233,248514,248292,248725
521,248856,249233,248514,248292,248725
522,248856,249233,248514,248292,248725
523,248856,249233,248514,248292,248725
524,248856,249233,248514,248292,248725
525,248856,249233,248514,248292,248725
526,248856,249233,248514,248292,248725
527,248856,249233,248514,248292,248725
528,248856,249233,248514,248292,248725
529,248856,249233,248514,248292,248725
530,248856,249233,248514,248292,248725
531,248856,249233,248554,248292,248725
532,248856,249233,248554,248292,248725
533,248856,249233,248554,248292,248725
534,248856,249233,248554,248292,248725
535,248856,249233,248554,248292,248725
536,248856,249233,248554,248292,248725
537,248856,249233,248554,248292,248725
538,248856,249233,248554,248292,248725
539,248856,249233,248554,248292,248725
540,248856,249233,248554,248292,248725
541,248856,249233,248554,248292,248725
542,248856,249233,248554,248292,248725
543,248856,249233,248554,248292,248725
544,248856,249233,248554,248292,248725
545,248856,249233,248554,248292,248725
546,248856,249233,248554,248292,248725
547,248856,249233,248554,248292,248725
548,248856,249233,248554,248292,248725
549,248856,249233,248554,248292,248725
550,248856,249233,248554,248292,248725
551,248856,249233,248554,248292,248725
552,248856,249233,248554,248292,248725
553,248856,249233,248554,248292,248725
554,248856,249233,248554,248292,248725
555,248856,249233,248554,248292,248725
556,248856,249233,248554,248292,248725
557,248856,249233,248554,248292,248725
558,248856,249233,248554,248292,248725
559,248856,249233,248554,248292,248725
560,248856,249233,248554,248292,248725
561,248856,249233,248554,248292,248725
562,248856,249233,248554,248292,248725
563,248856,249233,248554,248392,248725
564,248856,249233,248554,248392,248725
565,248856,249233,248554,248392,248725
566,248856,249233,248554,248392,248725
567,248856,249233,248554,248392,248725
568,248856,249233,248554,248392,248725
569,248856,249233,248554,248392,248725
570,248856,249233,248554,248392,248725
571,248856,249233,248554,248392,248725
572,248856,249233,248554,248392,248725
573,248856,249233,248554,248392,248725
574,248856,249233,248554,248392,248725
575,248856,249233,248554,248392,248725
576,248856,249233,248554,248392,248725
577,248856,249233,248554,248392,248725
578,248856,249233,248554,248392,248725
579,248856,249233,248554,248392,248725
580,248856,249233,248554,248392,248725
581,248856,249233,248554,248392,248725
582,248856,249233,248554,248392,248725
583,248856,249233,248554,248392,248725
584,248856,249233,248558,248392,248725
585,248856,249233,248558,248392,248725
586,248856,249233,248558,248396,248725
587,248856,249233,248558,248396,248725
588,248856,249233,248558,248396,248725
589,248856,249233,248558,248396,248725
590,248856,249233,248558,248396,248725
591,248856,249233,248558,248396,248725
592,248856,249233,248558,248396,248725
593,248856,249233,248558,248396,248725
594,248856,249233,248558,248396,248725
595,248856,249233,248558,248396,248725
596,248856,249233,248558,248396,248725
597,248856,249233,248558,248396,248725
598,248856,249233,248558,248396,248725
599,248856,249233,248558,248396,248725
600,248856,249233,248558,248396,248725
601,248856,249233,248558,248396,248725
602,248856,249233,248558,248396,248725
603,248856,249233,248558,248396,248725
604,248856,249233,248558,248396,248725
605,248856,249233,248558,248396,248725
606,248856,249233,248558,248396,248725
607,248856,249233,248558,248396,248725
608,248856,249233,248558,248396,248725
609,248856,249233,248558,248396,248725
610,248856,249233,248558,248396,248725
611,248856,249233,248558,248396,248725
612,248856,249233,248558,248396,248725
613,248856,249233,248558,248396,248725
614,248856,249233,248558,248396,248725
615,248856,249233,248558,248396,248725
616,248856,249233,248558,248396,248725
617,248856,249233,248558,248396,248725
618,248856,249233,248558,248396,248725
619,248856,249233,248558,248396,248725
620,248856,249233,248558,248396,248725
621,248856,249233,248558,248396,248725
622,248856,249233,248558,248396,248725
623,248856,249233,248558,248396,248725
624,248856,249233,248558,248396,248725
625,248856,249233,248558,248396,248725
626,248856,249233,248558,248396,248725
627,248856,249233,248558,248396,248725
628,248856,249233,248558,248396,248725
629,248856,249233,248558,248396,248725
630,248856,249233,248558,248396,248725
631,248856,249233,248558,248396,248725
632,248856,249233,248558,248396,248725
633,248856,249233,248558,248396,248725
634,248856,249233,248558,248396,248725
635,248856,249233,248558,248396,248725
636,248856,249233,248558,248396,248725
637,248856,249233,248558,248396,248725
638,248856,249233,248558,248396,248725
639,248856,249233,248558,248396,248725
640,248856,249233,248558,248396,248725
641,248856,249233,248558,248396,248725
642,248856,249233,248558,248396,248725
643,248856,249233,248558,248420,248725
644,248856,249233,248558,248420,248725
645,248856,249233,248558,248420,248725
646,248856,249233,248558,248420,248725
647,248856,249233,248558,248420,248725
648,248856,249233,248558,248420,248725
649,248856,249233,248558,248420,248725
650,248856,249233,248558,248420,248725
651,248856,249233,248558,248420,248725
652,248856,249233,248558,248420,248725
653,248856,249233,248558,248420,248725
654,248856,249233,248558,248420,248725
655,248856,249233,248558,248435,248725
656,248856,249233,248558,248435,248725
657,248856,249233,248558,248435,248725
658,248856,249233,248558,248488,248725
659,248856,249233,248558,248488,248725
660,248856,249233,248558,248488,248725
661,248856,249233,248558,248530,248725
662,248856,249233,248558,248530,248725
663,248856,249233,248558,248530,248725
664,248856,249233,248558,248530,248725
665,248856,249233,248558,248530,248725
666,248856,249233,248558,248545,248725
667,248856,249233,248558,248545,248725
668,248856,249233,248558,248545,248725
669,248856,249233,248558,248545,248725
670,248856,249233,248558,248545,248725
671,248856,249233,248558,248545,248725
672,248856,249233,248558,248545,248725
673,248856,249233,248558,248562,248725
674,248856,249233,248558,248562,248725
675,248856,249233,248558,248562,248725
676,248856,249233,248558,248562,248725
677,248856,249233,248558,248562,248725
678,248856,249233,248558,248562,248725
679,248856,249233,248558,248562,248725
680,248856,249233,248558,248562,248725
681,248856,249233,248558,248562,248725
682,248856,249233,248558,248562,248725
683,248856,249233,248558,248578,248725
684,248856,249233,248558,248578,248725
685,248856,249233,248558,248578,248725
686,248856,249233,248558,248578,248725
687,248856,249233,248558,248578,248725
688,248856,249233,248558,248595,248725
689,248856,249233,248558,248595,248725
690,248856,249233,248558,248595,248725
691,248856,249233,248558,248595,248725
692,248856,249233,248558,248595,248725
693,248856,249233,248558,248595,248725
694,248856,249233,248558,248595,248725
695,248856,249233,248558,248595,248725
696,248856,249233,248558,248595,248725
697,248856,249233,248558,248595,248725
698,248856,249233,248558,248595,248725
699,248856,249233,248558,248595,248725
700,248856,249233,248558,248595,248725
701,248856,249233,248558,248595,248725
702,248856,249233,248558,248595,248812
703,248856,249233,248558,248595,248812
704,248856,249233,248558,248595,248812
705,248856,249233,248558,248595,248812
706,248856,249233,248558,248595,248812
707,248856,249233,248558,248595,248812
708,248856,249233,248558,248595,248812
709,248856,249233,248558,248595,248812
710,248856,249233,248558,248595,248812
711,248856,249233,248558,248595,248812
712,248856,249233,248558,248595,248812
713,248856,249233,248558,248595,248812
714,248856,249233,248558,248595,248812
715,248856,249233,248558,248595,248812
716,248856,249233,248558,248595,248812
717,248856,249233,248558,248595,248812
718,248856,249233,248558,248595,248812
719,248856,249233,248558,248595,248812
720,248856,249233,248558,248595,248812
721,248856,249233,248558,248595,248812
722,248856,249233,248558,248595,248812
723,248856,249233,248558,248595,248812
724,248856,249233,248558,248595,248812
725,248856,249233,248558,248595,248812
726,248856,249233,248558,248595,248812
727,248856,249233,248558,248595,248812
728,248856,249233,248558,248595,248812
729,248856,249233,248564,248595,248812
730,248856,249233,248564,248595,248812
731,248856,249233,248564,248595,248812
732,248856,249233,248564,248595,248827
733,248856,249233,248564,248595,248827
734,248856,249233,248564,248595,248827
735,248856,249233,248564,248595,248827
736,248856,249233,248564,248595,248827
737,248856,249233,248564,248595,248827
738,248856,249233,248564,248595,248827
739,248856,249233,248564,248595,248902
740,248856,249233,248564,248595,248902
741,248856,249233,248564,248595,248902
742,248856,249233,248564,248595,248902
743,248856,249233,248564,248595,248902
744,248856,249233,248564,248595,248902
745,248856,249233,248564,248595,248902
746,248856,249233,248564,248595,248902
747,248856,249233,248564,248595,248902
748,248856,249233,248564,248595,248902
749,248856,249233,248564,248595,248902
750,248856,249233,248564,248595,248902
751,248856,249233,248564,248595,248902
752,248856,249233,248564,248595,248902
753,248856,249233,248564,248595,248902
754,248856,249233,248564,248595,248902
755,248856,249233,248564,248595,248902
756,248856,249233,248564,248595,248902
757,248856,249233,248564,248595,248902
758,248856,249233,248564,248595,248902
759,248856,249233,248564,248595,248902
760,248856,249233,248564,248595,248902
761,248856,249233,248564,248595,248902
762,248856,249233,248564,248595,248902
763,248856,249233,248564,248595,248902
764,248856,249233,248564,248595,248902
765,248856,249233,248564,248595,248902
766,248856,249233,248564,248595,248902
767,248856,249233,248564,248595,248902
768,248856,249233,248564,248595,248902
769,248856,249233,248564,248595,248902
770,248856,249233,248564,248595,248902
771,248856,249233,248564,248595,248902
772,248856,249233,248564,248595,248902
773,248856,249233,248564,248595,248902
774,248856,249233,248564,248595,248902
775,248856,249233,248564,248595,248902
776,248856,249233,248564,248595,248902
777,248856,249233,248564,248595,248906
778,248856,249233,248564,248595,248906
779,248856,249233,248564,248595,248906
780,248856,249233,248564,248595,248906
781,248856,249233,248564,248595,248906
782,248856,249233,248564,248595,248906
783,248856,249233,248564,248595,248906
784,248856,249233,248564,248595,248906
785,248856,249233,248564,248595,248906
786,248856,249233,248564,248595,248906
787,248856,249233,248564,248595,248906
788,248856,249233,248564,248595,248906
789,248856,249233,248564,248595,248906
790,248856,249233,248564,248595,248906
791,248856,249233,248564,248595,248906
792,248856,249233,248564,248595,248906
793,248856,249233,248564,248595,248906
794,248856,249233,248564,248595,248906
795,248856,249233,248564,248595,248906
796,248856,249233,248564,248595,248906
797,248856,249233,248564,248595,248906
798,248856,249233,248564,248595,248906
799,248856,249233,248564,248595,248906
800,248856,249233,248564,248595,248906
801,248856,249233,248564,248595,248906
802,248856,249233,248564,248595,248906
803,248856,249233,248564,248595,248906
804,248856,249233,248564,248595,248906
805,248856,249233,248564,248595,248906
806,248856,249233,248564,248595,248906
807,248856,249233,248564,248595,248906
808,248856,249233,248564,248595,248906
809,248856,249233,248564,248595,248906
810,248856,249233,248564,248595,248906
811,248856,249233,248564,248595,248906
812,248856,249233,248564,248595,248906
813,248856,249233,248564,248595,248906
814,248856,249233,248564,248595,248906
815,248856,249233,248564,248595,248906
816,248856,249233,248564,248595,248906
817,248856,249233,248564,248595,248906
818,248856,249233,248564,248595,248906
819,248856,249233,248564,248595,248906
820,248856,249233,248564,248595,248906
821,248856,249233,248564,248595,248906
822,248856,249233,248564,248595,248906
823,248856,249233,248564,248595,248906
824,248856,249233,248564,248595,248906
825,248856,249233,248564,248595,248906
826,248856,249233,248564,248595,248906
827,248856,249233,248564,248595,248906
828,248856,249233,248564,248595,248906
829,248856,249233,248564,248595,248906
830,248856,249233,248564,248595,248906
831,248856,249233,248564,248595,248906
832,248856,249233,248564,248595,248906
833,248856,249233,248564,248595,248906
834,248856,249233,248604,248595,248906
835,248856,249233,248604,248595,248906
836,248856,249233,248604,248595,248906
837,248856,249233,248604,248595,248906
838,248856,249233,248604,248595,248906
839,248856,249233,248604,248595,248906
840,248856,249233,248604,248595,248906
841,248856,249233,248604,248637,248906
842,248856,249233,248604,248637,248906
843,248856,249233,248604,248637,248906
844,248856,249233,248604,248637,248906
845,248856,249233,248604,248637,248906
846,248856,249233,248604,248637,248906
847,248856,249233,248604,248637,248906
848,248856,249233,248604,248637,248906
849,248856,249233,248604,248637,248906
850,248856,249233,248604,248637,248906
851,248856,249233,248604,248637,248906
852,248856,249233,248604,248637,248906
853,248856,249233,248604,248637,248906
854,248856,249233,248604,248637,248906
855,248856,249233,248604,248637,248906
856,248856,249233,248604,248653,248906
857,248856,249233,248604,248653,248906
858,248856,249233,248604,248653,248906
859,248856,249233,248604,248653,248906
860,248856,249233,248604,248653,248906
861,248856,249233,248604,248653,248906
862,248856,249233,248604,248653,248906
863,248856,249233,248604,248653,248906
864,248856,249233,248604,248653,248906
865,248856,249233,248604,248653,248906
866,248856,249233,248604,248653,248906
867,248856,249233,248604,248653,248906
868,248856,249233,248604,248653,248906
869,248856,249233,248604,248653,248906
870,248856,249233,248604,248653,248906
871,248856,249233,248604,248653,248906
872,248856,249233,248604,248653,248906
873,248856,249233,248604,248653,248906
874,248856,249233,248604,248653,248906
875,248856,249233,248604,248653,248906
876,248856,249233,248604,248653,248906
877,248856,249233,248604,248653,248906
878,248856,249233,248604,248653,248906
879,248856,249233,248604,248653,248906
880,248856,249233,248604,248653,248906
881,248856,249233,248604,248653,248906
882,248856,249233,248604,248653,248906
883,248856,249233,248604,248653,248906
884,248856,249233,248604,248653,248906
885,248856,249233,248604,248653,248906
886,248856,249233,248604,248653,248906
887,248856,249233,248604,248653,248906
888,248856,249233,248604,248653,248906
889,248856,249233,248604,248653,248906
890,248856,249233,248604,248653,248906
891,248856,249233,248604,248653,248906
892,248856,249233,248604,248653,248906
893,248856,249233,248604,248653,248906
894,248856,249233,248604,248653,248906
895,248856,249233,248604,248653,248906
896,248856,249233,248604,248653,248906
897,248856,249233,248604,248653,248906
898,248856,249233,248604,248653,248906
899,248856,249233,248604,248653,248906
900,248856,249233,248604,248653,248906
901,248856,249233,248604,248653,248906
902,248856,249233,248831,248653,248906
903,248856,249233,248831,248653,248906
904,248856,249233,248831,248653,248906
905,248856,249233,248831,248653,248906
906,248856,249233,248831,248653,248906
907,248856,249233,248831,248653,248906
908,248856,249233,248831,248653,248906
909,248856,249233,248831,248653,248906
910,248856,249233,248831,248653,248906
911,248856,249233,248831,248653,248906
912,248932,249233,248831,248653,248906
913,248932,249233,248831,248653,248906
914,248932,249233,248831,248653,248906
915,248932,249233,248831,248653,248906
916,248932,249233,248831,248653,248906
917,248932,249233,248831,248653,248906
918,248932,249233,248831,248653,248906
919,248932,249233,248831,248653,248906
920,248932,249233,248831,248653,248906
921,248932,249233,248831,248653,248906
922,248932,249233,248831,248653,248906
923,248932,249233,248831,248653,248906
924,248932,249233,248831,248820,248906
925,248932,249233,248831,248820,248906
926,248932,249233,248831,248820,248906
927,248932,249233,248831,248820,248906
928,248932,249233,248831,248820,248906
929,248947,249233,248831,248820,248906
930,248947,249233,248831,248820,248906
931,248947,249233,248831,248820,248906
932,248947,249233,248831,248820,248906
933,248947,249233,248831,248820,248906
934,248947,249233,248831,248820,248906
935,248947,249233,248831,248820,248906
936,248947,249233,248831,248820,248906
937,248947,249233,248831,248820,248906
938,248947,249233,248831,248820,248906
939,248947,249233,248831,248820,248906
940,248947,249233,248831,248820,248906
941,248947,249233,248831,248820,248906
942,248947,249233,248831,248820,248906
943,248947,249233,248831,248820,248906
944,248947,249233,248831,248820,248906
945,248947,249233,248831,248820,248906
946,248947,249233,248831,248820,248906
947,248947,249233,248831,248820,248906
948,248947,249233,248831,248820,248906
949,248947,249233,248831,248820,248906
950,248947,249233,248831,248820,248906
951,248947,249233,248831,248820,248906
952,248947,249233,248831,248820,248906
953,248947,249233,248831,248860,248906
954,248947,249233,248831,248860,248906
955,248947,249233,248831,248860,248906
956,248947,249233,248831,248860,248906
957,248947,249233,248831,248860,248906
958,248947,249233,248831,248860,248906
959,248947,249233,248831,248860,248906
960,248947,249233,248831,248860,248906
961,248947,249233,248831,248860,248906
962,248947,249233,248831,248860,248906
963,248947,249233,248831,248860,248906
964,248947,249233,248831,248860,248906
965,248947,249233,248831,248860,248906
966,248947,249233,248831,248860,248906
967,248947,249233,248831,248860,248906
968,248947,249233,248831,248860,248906
969,248947,249233,248831,248860,248906
970,248947,249233,248831,248860,248906
971,248947,249233,248831,248860,248906
972,248947,249233,248831,248860,248906
973,248947,249233,248831,248860,248906
974,248947,249233,248831,248860,248906
975,248947,249233,248831,248860,248906
976,248947,249233,248831,248860,248906
977,248947,249233,248831,248860,248906
978,248947,249233,248831,248860,248906
979,248947,249233,248831,248860,248906
980,248947,249233,248831,248860,248906
981,248947,249233,248831,248860,248906
982,248947,249233,248831,248860,248906
983,248947,249233,248831,248860,248906
984,248947,249233,248831,248860,248906
985,248947,249233,248831,248860,248906
986,248947,249233,248831,248860,248906
987,248947,249233,248831,248860,248906
988,248947,249233,248831,248860,248906
989,248947,249233,248831,248860,248906
990,248947,249233,248831,248860,248906
991,248947,249233,248831,248860,248906
992,248947,249233,248831,248860,248906
993,248947,249233,248831,248860,248906
994,248947,249233,248831,248860,248906
995,248947,249233,248831,248860,248906
996,248947,249233,248831,248860,248906
997,248947,249233,248831,248860,248906
998,248947,249233,248831,248860,248906
999,248947,249233,248831,248860,248906
1000,248947,249233,248831,248860,248906
1001,248947,249233,248831,248860,248906
1002,248947,249233,248831,248860,248906
1003,248947,249233,248831,248860,248906
1004,248947,249233,248831,248860,248906
1005,248947,249233,248831,248860,248906
1006,248947,249233,248831,248860,248906
1007,248947,249233,248831,248860,248906
1008,248947,249233,248831,248860,248906
1009,248947,249233,248831,248860,248906
1010,248947,249233,248831,248860,248906
1011,248947,249233,248831,248860,248906
1012,248947,249233,248831,248860,248906
1013,248947,249233,248831,248860,248906
1014,248947,249233,248831,248860,248906
1015,248947,249233,248831,248860,248906
1016,248947,249233,248831,248860,248906
1017,248947,249233,248831,248860,248906
1018,248947,249233,248831,248860,248906
1019,248947,249233,248831,248860,248906
1020,248947,249233,248831,248860,248906
1021,248947,249233,248831,248860,248906
1022,248947,249233,248831,248860,248906
1023,248947,249233,248831,248860,248906
1024,248947,249233,248831,248860,248906
1025,248947,249233,248831,248860,248906
1026,248947,249233,248831,248860,248906
1027,248947,249233,248831,248860,248906
1028,248947,249233,248831,248860,248906
1029,248947,249233,248831,248860,248906
1030,248947,249233,248831,248860,248906
1031,248947,249233,248831,248860,248906
1032,248947,249233,248831,248860,248906
1033,248947,249233,248831,248860,248906
1034,248947,249233,248831,248860,248906
1035,248947,249233,248831,248860,248906
1036,248947,249233,248831,248860,248906
1037,248947,249233,248831,248860,248906
1038,249043,249233,248831,248860,248906
1039,249043,249233,248831,248860,248906
1040,249043,249233,248831,248860,248906
1041,249043,249233,248831,248860,248906
1042,249043,249233,248831,248860,248906
1043,249043,249233,248831,248860,248906
1044,249043,249233,248831,248860,248906
1045,249043,249233,248831,248860,248906
1046,249043,249233,248831,248860,248906
1047,249043,249233,248831,248860,248906
1048,249043,249233,248831,248860,248906
1049,249043,249233,248831,248860,248906
1050,249043,249233,248831,248860,248906
1051,249043,249233,248831,248860,248906
1052,249043,249233,248831,248860,248906
1053,249043,249233,248831,248860,248906
1054,249043,249233,248831,248860,248906
1055,249043,249233,248831,248860,248906
1056,249043,249233,248831,248860,248906
1057,249043,249233,248831,248860,248928
1058,249043,249233,248831,248860,248928
1059,249043,249233,248831,248860,248928
1060,249043,249233,248831,248860,248928
1061,249043,249233,248831,248860,248928
1062,249043,249233,248831,248860,248928
1063,249043,249233,248831,248860,248928
1064,249043,249233,248831,248860,248928
1065,249043,249233,248831,248860,248928
1066,249043,249233,248831,248860,248928
1067,249043,249233,248831,248860,248928
1068,249043,249233,248831,248860,248928
1069,249043,249233,248831,248860,248928
1070,249043,249233,248831,248860,248928
1071,249043,249233,248831,248860,248928
1072,249043,249233,248831,248860,248928
1073,249043,249233,248831,248860,248928
1074,249043,249233,248831,248860,248928
1075,249043,249233,248831,248860,248928
1076,249043,249233,248831,248860,248928
1077,249043,249233,248831,248860,248928
1078,249043,249233,248831,248860,248928
1079,249043,249233,248831,248860,248928
1080,249043,249233,248831,248860,248928
1081,249043,249233,248831,248860,248928
1082,249043,249233,248831,248860,248928
1083,249043,249233,248831,248860,248928
1084,249043,249233,248831,248860,248928
1085,249043,249233,248831,248860,248928
1086,249043,249233,248831,248860,248928
1087,249043,249233,248831,248860,248928
1088,249043,249233,248831,248860,248928
1089,249043,249233,248831,248860,248928
1090,249043,249233,248831,248860,248928
1091,249043,249233,248831,248860,248928
1092,249043,249233,248831,248860,248928
1093,249043,249233,248831,248860,248928
1094,249043,249233,248831,248860,248928
1095,249043,249233,248831,248860,248928
1096,249043,249233,248831,248860,248928
1097,249043,249233,248831,248860,248928
1098,249043,249233,248831,248860,248928
1099,249043,249233,248831,248860,248928
1100,249043,249233,248831,248860,248928
1101,249043,249233,248831,248860,248928
1102,249043,249233,248831,248860,248928
1103,249043,249233,248831,248860,248928
1104,249043,249233,248831,248860,248928
1105,249043,249233,248831,248860,248928
1106,249043,249233,248831,248860,248928
1107,249043,249233,248831,248860,248928
1108,249043,249233,248831,248860,248928
1109,249043,249233,248831,248860,248928
1110,249043,249233,248831,248860,248928
1111,249043,249233,248831,248860,248928
1112,249043,249233,248831,248860,248928
1113,249043,249233,248831,248860,248928
1114,249043,249233,248831,248860,248928
1115,249043,249233,248831,248860,248928
1116,249043,249233,248831,248860,248928
1117,249043,249233,248831,248860,248928
1118,249043,249233,248831,248860,248928
1119,249043,249233,248831,248860,248928
1120,249043,249233,248831,248860,248928
1121,249043,249233,248831,248860,248928
1122,249043,249233,248831,248860,248928
1123,249043,249233,248831,248860,248928
1124,249043,249233,248831,248860,248928
1125,249043,249233,248831,248860,248928
1126,249043,249233,248831,248860,248928
1127,249043,249233,248831,248860,248928
1128,249043,249233,248831,248860,248928
1129,249043,249233,248831,248860,248928
1130,249043,249233,248831,248860,248928
1131,249043,249233,248831,248860,248928
1132,249043,249233,248831,248860,248928
1133,249043,249233,248831,248860,248928
1134,249043,249233,248831,248860,248928
1135,249043,249233,248831,248860,248928
1136,249043,249233,248831,248860,248928
1137,249043,249233,248831,248860,248928
1138,249043,249233,248831,248860,248928
1139,249043,249233,248831,248860,248928
1140,249043,249233,248831,248860,248928
1141,249043,249233,248831,248860,248928
1142,249043,249233,248831,248860,248928
1143,249043,249233,248831,248860,248928
1144,249043,249233,248831,248860,248928
1145,249043,249233,248831,248860,248928
1146,249043,249233,248831,248860,248928
1147,249043,249233,248831,248860,248928
1148,249043,249233,248831,248860,248928
1149,249043,249233,248831,248860,248928
1150,249043,249233,248831,248860,248928
1151,249043,249233,248831,248860,248928
1152,249043,249233,248831,248860,248928
1153,249043,249233,248831,248860,248928
1154,249043,249233,248831,248860,248928
1155,249043,249233,248831,248860,248928
1156,249043,249233,248831,248860,248928
1157,249043,249233,248831,248860,248928
1158,249043,249233,248831,248860,248928
1159,249043,249233,248831,248860,248928
1160,249043,249233,248831,248860,248928
1161,249043,249233,248831,248860,248928
1162,249043,249233,248831,248860,248928
1163,249043,249233,248831,248860,248928
1164,249043,249233,248831,248860,248928
1165,249043,249233,248831,248860,248928
1166,249043,249233,248831,248860,248928
1167,249043,249233,248831,248860,248928
1168,249043,249233,248831,248860,248928
1169,249043,249233,248831,248860,248928
1170,249043,249233,248831,248860,248928
1171,249043,249233,248831,248860,248928
1172,249043,249233,248831,248860,248928
1173,249043,249233,248831,248860,248928
1174,249043,249233,248831,248860,248928
1175,249043,249233,248831,248860,248928
1176,249043,249233,248831,248860,248928
1177,249043,249233,248831,248860,248928
1178,249043,249233,248831,248860,248928
1179,249043,249233,248831,248860,248928
1180,249043,249233,248831,248860,248928
1181,249043,249233,248831,248860,248928
1182,249043,249233,248831,248860,248928
1183,249043,249233,248831,248860,248928
1184,249043,249233,248831,248860,248928
1185,249043,249233,248831,248860,248928
1186,249043,249233,248831,248860,248928
1187,249043,249233,248831,248860,248928
1188,249043,249233,248831,248860,248928
1189,249043,249233,248831,248860,248928
1190,249043,249233,248831,248860,248928
1191,249043,249233,248831,248860,248928
1192,249043,249233,248831,248860,248928
1193,249043,249233,248831,248860,248928
1194,249043,249233,248831,248860,248928
1195,249043,249233,248831,248860,248928
1196,249043,249233,248831,248860,248928
1197,249043,249233,248831,248860,248928
1198,249043,249233,248831,248860,248928
1199,249043,249233,248831,248860,248928
1200,249043,249233,248831,248860,248928
1201,249043,249233,248831,248860,248928
1202,249043,249233,248831,248860,248928
1203,249043,249233,248831,248860,248928
1204,249043,249233,248831,248860,248928
1205,249043,249233,248831,248860,248928
1206,249043,249233,248831,248860,248928
1207,249043,249233,248831,248860,248928
1208,249043,249233,248831,248860,248928
1209,249043,249233,248831,248860,248928
1210,249043,249233,248831,248860,248928
1211,249043,249233,248831,248860,248928
1212,249043,249233,248831,248860,248928
1213,249043,249233,248831,248860,248928
1214,249043,249233,248831,248860,248928
1215,249043,249233,248831,248860,248928
1216,249043,249233,248831,248860,248928
1217,249043,249233,248831,248860,248928
1218,249043,249233,248831,248860,248928
1219,249043,249233,248831,248860,248928
1220,249043,249233,248831,248860,248928
1221,249043,249233,248831,248860,248928
1222,249043,249233,248831,248860,248928
1223,249043,249233,248831,248860,248928
1224,249043,249233,248831,248860,248928
1225,249043,249233,248831,248860,248928
1226,249043,249233,248831,248860,248928
1227,249043,249233,248831,248860,248928
1228,249043,249233,248831,248860,248928
1229,249043,249233,248831,248860,248928
1230,249043,249233,248831,248860,248928
1231,249043,249233,248831,248860,248928
1232,249043,249233,248831,248860,248928
1233,249043,249233,248831,248860,248928
1234,249043,249233,248831,248860,248928
1235,249043,249233,248831,248860,248928
1236,249043,249233,248831,248860,248928
1237,249043,249233,248831,248860,248928
1238,249043,249233,248831,248860,248928
1239,249043,249233,248831,248860,248928
1240,249043,249233,248831,248860,248928
1241,249043,249233,248831,248860,248928
1242,249043,249233,248831,248860,248928
1243,249043,249233,248831,248860,248928
1244,249043,249233,248831,248860,248928
1245,249043,249233,248831,248860,248928
1246,249043,249233,248831,248860,248928
1247,249043,249233,248831,248860,248928
1248,249043,249233,248831,248860,248928
1249,249043,249233,248831,248860,248928
1250,249043,249233,248831,248860,248928
1251,249043,249233,248831,248860,248951
1252,249043,249233,248831,248860,248951
1253,249043,249233,248831,248860,248951
1254,249043,249233,248831,248860,248951
1255,249043,249233,248831,248860,248951
1256,249043,249233,248831,248860,248951
1257,249043,249233,248831,248860,248951
1258,249043,249233,248831,248860,248951
1259,249043,249233,248831,248860,248951
1260,249049,249233,248831,248860,248951
1261,249049,249233,248831,248860,248951
1262,249049,249233,248831,248860,248951
1263,249049,249233,248831,248860,248951
1264,249049,249233,248831,248860,248951
1265,249049,249233,248831,248860,248951
1266,249049,249233,248831,248860,248951
1267,249049,249233,248831,248860,248951
1268,249049,249233,248831,248860,248951
1269,249049,249233,248831,248860,248951
1270,249049,249233,248831,248860,248951
1271,249049,249233,248831,248860,248951
1272,249049,249233,248831,248860,248951
1273,249049,249233,248831,248860,248951
1274,249049,249233,248831,248860,248951
1275,249049,249233,248831,248860,248951
1276,249049,249233,248831,248860,248951
1277,249049,249233,248831,248860,248951
1278,249049,249233,248831,248860,248951
1279,249049,249233,248831,248860,248951
1280,249049,249233,248831,248860,248951
1281,249049,249233,248831,248860,248951
1282,249049,249233,248831,248860,248951
1283,249049,249233,248831,248860,248951
1284,249049,249233,248831,248860,248951
1285,249049,249233,248831,248860,248951
1286,249049,249233,248831,248860,248951
1287,249049,249233,248831,248860,248951
1288,249049,249233,248831,248860,248951
1289,249049,249233,248831,248860,248951
1290,249049,249233,248831,248860,248951
1291,249049,249233,248831,248860,248951
1292,249049,249233,248831,248860,248951
1293,249049,249233,248831,248860,248951
1294,249049,249233,248831,248860,248951
1295,249049,249233,248831,248860,248951
1296,249049,249233,248831,248860,248951
1297,249049,249233,248831,248991,248951
1298,249049,249233,248831,248991,248951
1299,249049,249233,248831,248991,248951
1300,249049,249233,248831,248991,248951
1301,249049,249233,248831,248991,248951
1302,249049,249233,248831,248991,248951
1303,249049,249233,248831,248991,248951
1304,249049,249233,248831,248991,248951
1305,249049,249233,248831,248991,248951
1306,249049,249233,248831,248991,248951
1307,249049,249233,248831,248991,248951
1308,249049,249233,248831,248991,248951
1309,249049,249233,248831,248991,248951
1310,249049,249233,248831,248991,248951
1311,249049,249233,248831,248991,248951
1312,249049,249233,248831,248991,248951
1313,249049,249233,248831,248991,248951
1314,249049,249233,248831,248991,248951
1315,249049,249233,248831,248991,248951
1316,249049,249233,248831,248991,248951
1317,249049,249233,248831,248991,248951
1318,249049,249233,248831,248991,248951
1319,249049,249233,248831,248991,248951
1320,249049,249233,248831,248991,248951
1321,249049,249233,248831,248991,248951
1322,249049,249233,248831,248991,248951
1323,249049,249233,248831,248991,248951
1324,249049,249233,248831,248991,248951
1325,249049,249233,248831,248991,248951
1326,249049,249233,248831,248991,248951
1327,249049,249233,248831,248991,248960
1328,249049,249233,248831,248991,248960
1329,249049,249233,248831,248991,248960
1330,249049,249233,248831,248991,248960
1331,249049,249233,248831,248991,248960
1332,249049,249233,248831,248991,248960
1333,249049,249233,248831,248991,248960
1334,249049,249233,248831,248991,248960
1335,249049,249233,248831,248991,248960
1336,249049,249233,248831,248991,248960
1337,249049,249233,248831,248991,248960
1338,249049,249233,248831,248991,248960
1339,249049,249233,248831,248991,248960
1340,249049,249233,248831,248991,248960
1341,249049,249233,248831,248991,248960
1342,249049,249233,248831,248991,248960
1343,249049,249233,248831,248991,248960
1344,249049,249233,248831,248991,248960
1345,249049,249233,248831,248991,248960
1346,249049,249233,248831,248991,248960
1347,249049,249233,248831,248991,248960
1348,249049,249233,248831,248991,248960
1349,249049,249233,248831,248991,248960
1350,249049,249233,248831,248991,248960
1351,249049,249233,248831,248991,248960
1352,249049,249233,248831,248991,248960
1353,249049,249233,248831,248991,248960
1354,249049,249233,248831,248991,248960
1355,249049,249233,248831,248991,248960
1356,249049,249233,248831,248991,248960
1357,249049,249233,248831,248991,248960
1358,249049,249233,248831,248991,248960
1359,249049,249233,248831,248991,248960
1360,249049,249233,248831,248991,248960
1361,249049,249233,248831,248991,248960
1362,249049,249233,248831,248991,248960
1363,249049,249233,248831,248991,248960
1364,249049,249233,248831,248991,248960
1365,249049,249233,248831,248991,248960
1366,249049,249233,248831,248991,248960
1367,249049,249233,248831,248991,248960
1368,249049,249233,248831,248991,248960
1369,249049,249233,248831,248991,248960
1370,249049,249233,248831,248991,248960
1371,249049,249233,248831,248991,248960
1372,249049,249233,248831,248991,248960
1373,249049,249233,248831,248991,248960
1374,249049,249233,248831,248991,248960
1375,249049,249233,248831,248991,248960
1376,249049,249233,248831,248991,248960
1377,249049,249233,248831,248991,248960
1378,249049,249233,248831,248991,248960
1379,249049,249233,248831,248991,248960
1380,249049,249233,248831,248991,248960
1381,249049,249233,248831,248991,248960
1382,249049,249233,248831,248991,248960
1383,249049,249233,248831,248991,248960
1384,249049,249233,248831,248991,248960
1385,249049,249233,248831,248991,248960
1386,249049,249233,248831,248991,248960
1387,249049,249233,248831,248991,248960
1388,249049,249233,248831,248991,248960
1389,249049,249233,248831,248991,248960
1390,249049,249233,248831,248991,248960
1391,249049,249233,248831,248991,248960
1392,249049,249233,248831,248991,248960
1393,249049,249233,248831,248991,248960
1394,249049,249233,248831,248991,248987
1395,249049,249233,248831,248991,248987
1396,249049,249233,248831,249061,248987
1397,249049,249233,248831,249061,248987
1398,249049,249233,248831,249061,248987
1399,249049,249233,248831,249061,248987
1400,249049,249233,248831,249061,249002
1401,249049,249233,248831,249061,249002
1402,249049,249233,248831,249061,249002
1403,249049,249233,248831,249061,249002
1404,249049,249233,248831,249061,249002
1405,249049,249233,248831,249061,249002
1406,249049,249233,248831,249061,249002
1407,249049,249233,248831,249061,249002
1408,249049,249233,248831,249061,249002
1409,249049,249233,248831,249061,249002
1410,249049,249233,248831,249061,249002
1411,249049,249233,248831,249061,249040
1412,249049,249233,248831,249061,249040
1413,249049,249233,248831,249061,249040
1414,249049,249233,248831,249061,249073
1415,249049,249233,248831,249061,249073
1416,249049,249233,248831,249143,249073
1417,249049,249233,248831,249143,249088
1418,249049,249233,248831,249144,249088
1419,249049,249233,248831,249144,249088
1420,249049,249233,248831,249144,249088
1421,249049,249233,248831,249144,249088
1422,249049,249233,248831,249144,249088
1423,249049,249233,248831,249144,249107
1424,249049,249233,248831,249144,249107
1425,249049,249233,248831,249144,249107
1426,249049,249233,248831,249144,249107
1427,249049,249233,248831,249144,249107
1428,249049,249233,248831,249144,249175
1429,249049,249233,248831,249144,249175
1430,249049,249233,248831,249144,249175
1431,249049,249233,248831,249144,249175
1432,249049,249233,248831,249144,249175
1433,249049,249233,248831,249144,249175
1434,249049,249233,248831,249144,249175
1435,249049,249233,248831,249144,249175
1436,249049,249233,248831,249144,249190
1437,249049,249233,248831,249144,249190
1438,249049,249233,248831,249144,249190
1439,249049,249233,248831,249144,249190
1440,249049,249233,248831,249144,249190
1441,249049,249233,248831,249144,249190
1442,249049,249233,248831,249144,249190
1443,249049,249233,248831,249144,249190
1444,249049,249233,248831,249144,249190
1445,249049,249233,248831,249144,249190
1446,249049,249233,248831,249144,249190
1447,249049,249233,248831,249144,249190
1448,249049,249233,248831,249144,249190
1449,249049,249233,248831,249144,249190
1450,249049,249233,248831,249144,249190
1451,249049,249233,248831,249144,249190
1452,249049,249233,248831,249144,249190
1453,249049,249233,248831,249144,249190
1454,249049,249233,248831,249144,249190
1455,249049,249233,248831,249144,249190
1456,249049,249233,248831,249144,249190
1457,249058,249233,248831,249144,249190
1458,249058,249233,248831,249144,249190
1459,249058,249233,248831,249144,249190
1460,249058,249233,248831,249144,249190
1461,249058,249233,248831,249144,249190
1462,249058,249233,248831,249144,249190
1463,249058,249233,248831,249144,249190
1464,249058,249233,248831,249144,249190
1465,249058,249233,248831,249144,249190
1466,249058,249233,248831,249144,249190
1467,249058,249233,248831,249144,249190
1468,249058,249233,248831,249144,249190
1469,249058,249233,248831,249144,249190
1470,249058,249233,248831,249144,249190
1471,249058,249233,248831,249144,249190
1472,249058,249233,248831,249144,249190
1473,249058,249233,248831,249144,249190
1474,249058,249233,248831,249144,249190
1475,249058,249233,248831,249144,249190
1476,249058,249233,248831,249144,249190
1477,249058,249233,248831,249144,249190
1478,249058,249233,248831,249144,249190
1479,249058,249233,248831,249144,249190
1480,249058,249233,248831,249144,249190
1481,249058,249233,248831,249144,249190
1482,249058,249233,248831,249144,249190
1483,249058,249233,248831,249144,249190
1484,249058,249233,248831,249144,249190
1485,249058,249233,248831,249144,249190
1486,249058,249233,248831,249144,249190
1487,249058,249233,248831,249144,249190
1488,249058,249233,248835,249144,249190
1489,249058,249233,248835,249144,249190
1490,249058,249233,248835,249144,249190
1491,249058,249233,248835,249144,249190
1492,249058,249233,248835,249144,249190
1493,249058,249233,248835,249144,249190
1494,249058,249233,248835,249144,249190
1495,249058,249233,248835,249144,249190
1496,249058,249233,248835,249144,249190
1497,249058,249233,248835,249144,249190
1498,249058,249233,248835,249144,249190
1499,249058,249233,248835,249144,249190
1500,249058,249233,248835,249144,249190
1501,249058,249233,248835,249144,249190
1502,249058,249233,248835,249144,249190
1503,249058,249233,248835,249144,249190
1504,249058,249233,248835,249144,249190
1505,249058,249233,248835,249144,249190
1506,249058,249233,248835,249144,249190
1507,249058,249233,248835,249144,249190
1508,249058,249233,248835,249144,249190
1509,249058,249233,248835,249168,249190
1510,249058,249233,248850,249168,249190
1511,249058,249233,248850,249168,249190
1512,249058,249233,248850,249168,249190
1513,249058,249233,248850,249168,249190
1514,249058,249233,248850,249168,249190
1515,249058,249233,248850,249168,249190
1516,249058,249233,248850,249168,249190
1517,249058,249233,248850,249168,249190
1518,249058,249233,248850,249168,249190
1519,249058,249233,248850,249168,249190
1520,249058,249233,248850,249168,249190
1521,249058,249233,248850,249168,249190
1522,249058,249233,248850,249168,249190
1523,249058,249233,248850,249168,249190
1524,249058,249233,248850,249168,249190
1525,249058,249233,248850,249168,249190
1526,249058,249233,248850,249168,249190
1527,249058,249233,248850,249168,249190
1528,249058,249233,248850,249168,249190
1529,249058,249233,248850,249168,249190
1530,249058,249233,248850,249168,249190
1531,249058,249233,248850,249168,249190
1532,249058,249233,248850,249168,249190
1533,249058,249233,248850,249168,249190
1534,249058,249233,248850,249168,249190
1535,249058,249233,248850,249168,249190
1536,249058,249233,248850,249168,249190
1537,249058,249233,248850,249168,249190
1538,249058,249233,248850,249168,249190
1539,249058,249233,248850,249168,249190
1540,249058,249233,248850,249168,249190
1541,249058,249233,248850,249168,249190
1542,249058,249233,248850,249168,249190
1543,249058,249233,248850,249168,249190
1544,249058,249233,248850,249168,249190
1545,249058,249233,248850,249168,249190
1546,249058,249233,248850,249168,249190
1547,249058,249233,248850,249168,249190
1548,249058,249233,248850,249168,249190
1549,249058,249233,248850,249168,249190
1550,249058,249233,248850,249168,249190
1551,249058,249233,248856,249168,249190
1552,249058,249233,248856,249168,249190
1553,249058,249233,248856,249168,249190
1554,249058,249233,248856,249168,249190
1555,249058,249233,248856,249168,249190
1556,249058,249233,248856,249168,249190
1557,249058,249233,248856,249168,249190
1558,249058,249233,248856,249168,249190
1559,249058,249233,248856,249168,249190
1560,249058,249233,248856,249168,249190
1561,249058,249233,248856,249168,249190
1562,249058,249233,248856,249168,249190
1563,249058,249233,248856,249168,249190
1564,249058,249233,248856,249168,249190
1565,249058,249233,248856,249168,249190
1566,249058,249233,248856,249168,249190
1567,249058,249233,248856,249168,249190
1568,249058,249233,248856,249168,249190
1569,249058,249233,248856,249168,249190
1570,249058,249233,248856,249168,249190
1571,249058,249233,248856,249168,249190
1572,249058,249233,248856,249168,249190
1573,249058,249233,248856,249168,249190
1574,249058,249233,248856,249168,249190
1575,249058,249233,248856,249168,249190
1576,249058,249233,248856,249168,249190
1577,249058,249233,248856,249168,249190
1578,249058,249233,248856,249168,249190
1579,249058,249233,248856,249168,249190
1580,249058,249233,248856,249168,249190
1581,249058,249233,248856,249168,249190
1582,249058,249233,248856,249168,249190
1583,249058,249233,248856,249168,249190
1584,249058,249233,248856,249168,249190
1585,249058,249233,248856,249168,249190
1586,249058,249233,248856,249168,249190
1587,249058,249233,248856,249168,249190
1588,249058,249233,248856,249168,249190
1589,249058,249233,248856,249168,249190
1590,249058,249233,248856,249168,249190
1591,249058,249233,248856,249168,249190
1592,249058,249233,248856,249168,249190
1593,249058,249233,248856,249168,249190
1594,249058,249233,248856,249168,249259
1595,249058,249233,248856,249168,249259
1596,249058,249233,248856,249168,249259
1597,249058,249233,248856,249168,249259
1598,249058,249233,248856,249168,249259
1599,249058,249233,248856,249168,249259
1600,249058,249233,248856,249168,249259
1601,249058,249233,248856,249168,249259
1602,249058,249233,248856,249168,249318
1603,249058,249233,248856,249168,249318
1604,249058,249233,248856,249168,249318
1605,249058,249233,248856,249168,249318
1606,249058,249233,248856,249168,249318
1607,249058,249233,248856,249168,249318
1608,249058,249233,248856,249168,249318
1609,249058,249233,248856,249168,249318
1610,249058,249233,248856,249168,249318
1611,249058,249233,248856,249168,249318
1612,249058,249233,248856,249168,249318
1613,249058,249233,248856,249168,249318
1614,249058,249233,248856,249168,249318
1615,249058,249233,248856,249168,249318
1616,249058,249233,248856,249168,249318
1617,249058,249233,248856,249168,249318
1618,249058,249233,248856,249168,249320
1619,249058,249233,248856,249168,249343
1620,249058,249233,248856,249168,249343
1621,249058,249233,248856,249168,249396
1622,249058,249233,248856,249168,249396
1623,249058,249233,248856,249168,249411
1624,249058,249233,248856,249168,249415
1625,249058,249233,248856,249168,249415
1626,249058,249233,248856,249168,249415
1627,249058,249233,248856,249168,249415
1628,249058,249233,248856,249168,249415
1629,249058,249233,248856,249168,249415
1630,249058,249233,248856,249168,249415
1631,249058,249233,248856,249168,249415
1632,249058,249233,248856,249168,249415
1633,249058,249233,248856,249168,249415
1634,249058,249233,248856,249168,249415
1635,249058,249233,248856,249168,249415
1636,249058,249233,248856,249168,249415
1637,249058,249233,248856,249168,249415
1638,249058,249233,248856,249168,249415
1639,249058,249233,248856,249168,249415
1640,249058,249233,248856,249168,249415
1641,249058,249233,248856,249168,249415
1642,249058,249233,248856,249168,249415
1643,249058,249233,248856,249168,249415
1644,249058,249233,248856,249168,249415
1645,249058,249233,248856,249168,249415
1646,249058,249233,248856,249168,249415
1647,249058,249233,248856,249168,249415
1648,249058,249233,248856,249168,249415
1649,249058,249233,248856,249168,249415
1650,249058,249233,248856,249168,249415
1651,249058,249233,248856,249168,249415
1652,249058,249233,248856,249168,249415
1653,249058,249233,248856,249168,249415
1654,249058,249233,248856,249168,249415
1655,249058,249233,248856,249168,249415
1656,249058,249233,248856,249168,249415
1657,249058,249233,248856,249168,249415
1658,249058,249233,248856,249168,249415
1659,249058,249233,248856,249168,249415
1660,249058,249233,248856,249168,249415
1661,249058,249233,248856,249168,249415
1662,249058,249233,248856,249168,249415
1663,249058,249233,248856,249168,249415
1664,249058,249233,248856,249168,249415
1665,249058,249233,248856,249168,249415
1666,249058,249233,248856,249168,249415
1667,249058,249233,248856,249168,249415
1668,249058,249233,248856,249168,249415
1669,249058,249233,248856,249168,249415
1670,249058,249233,248856,249168,249415
1671,249058,249233,248856,249168,249415
1672,249058,249233,248856,249168,249415
1673,249058,249233,248856,249168,249415
1674,249058,249233,248856,249168,249415
1675,249058,249233,248856,249168,249415
1676,249058,249233,248856,249168,249415
1677,249058,249233,248856,249168,249415
1678,249058,249233,248856,249168,249415
1679,249058,249233,248856,249168,249415
1680,249058,249233,248856,249168,249415
1681,249058,249233,248856,249168,249415
1682,249058,249233,248856,249168,249415
1683,249058,249233,248856,249168,249415
1684,249058,249250,248856,249168,249415
1685,249058,249250,248856,249168,249415
1686,249058,249250,248856,249168,249415
1687,249058,249250,248856,249168,249415
1688,249058,249250,248856,249168,249415
1689,249058,249250,248856,249168,249415
1690,249058,249250,248856,249168,249415
1691,249058,249250,248856,249168,249415
1692,249058,249250,248856,249168,249415
1693,249058,249250,248856,249168,249415
1694,249058,249250,248856,249168,249415
1695,249058,249250,248856,249168,249415
1696,249058,249250,248856,249168,249415
1697,249058,249250,248856,249168,249415
1698,249058,249250,248856,249168,249415
1699,249058,249250,248856,249168,249415
1700,249058,249250,248856,249168,249415
1701,249058,249250,248856,249168,249415
1702,249058,249250,248856,249168,249415
1703,249058,249250,248856,249168,249415
1704,249058,249250,248856,249168,249415
1705,249058,249250,248856,249168,249415
1706,249058,249250,248856,249168,249415
1707,249058,249250,248856,249168,249415
1708,249058,249250,248856,249168,249415
1709,249058,249250,248856,249168,249415
1710,249058,249250,248856,249168,249415
1711,249058,249250,248856,249168,249415
1712,249058,249250,248856,249168,249415
1713,249058,249250,248856,249168,249415
1714,249058,249250,248856,249168,249415
1715,249058,249250,248856,249168,249415
1716,249058,249250,248856,249168,249415
1717,249058,249250,248856,249168,249415
1718,249058,249250,248856,249168,249415
1719,249058,249250,248856,249168,249415
1720,249058,249250,248856,249168,249415
1721,249058,249250,248856,249168,249415
1722,249058,249250,248856,249168,249415
1723,249058,249250,248856,249168,249415
1724,249058,249250,248856,249168,249415
1725,249058,249250,248856,249168,249415
1726,249058,249250,248856,249168,249415
1727,249058,249250,248856,249168,249415
1728,249058,249250,248856,249168,249415
1729,249058,249250,248856,249168,249415
1730,249058,249250,248856,249168,249415
1731,249058,249250,248856,249168,249415
1732,249058,249250,248856,249168,249415
1733,249058,249250,248856,249168,249415
1734,249058,249250,248856,249168,249415
1735,249058,249250,248856,249168,249415
1736,249058,249250,248856,249168,249415
1737,249058,249250,248856,249168,249415
1738,249058,249250,248856,249168,249415
1739,249058,249250,248856,249168,249415
1740,249058,249250,248856,249168,249415
1741,249058,249250,248856,249168,249415
1742,249058,249250,248856,249168,249415
1743,249058,249250,248856,249168,249415
1744,249058,249250,248856,249168,249415
1745,249058,249250,248856,249168,249415
1746,249058,249250,248856,249168,249415
1747,249058,249250,248856,249168,249415
1748,249058,249250,248856,249168,249415
1749,249058,249250,248856,249168,249415
1750,249058,249250,248856,249168,249415
1751,249058,249250,248856,249168,249415
1752,249058,249250,248856,249168,249415
1753,249058,249250,248856,249168,249415
1754,249058,249250,248856,249168,249415
1755,249058,249250,248856,249168,249415
1756,249058,249250,248856,249168,249415
1757,249058,249250,248856,249168,249415
1758,249058,249250,248856,249168,249415
1759,249058,249250,248856,249168,249415
1760,249058,249250,248856,249168,249415
1761,249058,249250,248856,249168,249415
1762,249058,249250,248856,249168,249415
1763,249058,249250,248856,249168,249415
1764,249058,249250,248856,249168,249415
1765,249058,249250,248856,249168,249415
1766,249058,249250,248856,249168,249415
1767,249058,249250,248856,249168,249415
1768,249058,249250,248856,249168,249415
1769,249058,249250,248856,249168,249415
1770,249058,249250,248856,249168,249415
1771,249058,249359,248856,249168,249415
1772,249058,249359,248856,249168,249415
1773,249058,249359,248856,249168,249415
1774,249058,249359,248856,249168,249415
1775,249058,249359,248856,249168,249415
1776,249058,249359,248856,249168,249415
1777,249058,249359,248856,249168,249415
1778,249058,249359,248856,249168,249415
1779,249058,249359,248856,249168,249415
1780,249058,249359,248856,249168,249415
1781,249058,249359,248856,249168,249415
1782,249058,249359,248856,249168,249415
1783,249058,249359,248856,249168,249415
1784,249058,249359,248856,249168,249415
1785,249058,249359,248856,249168,249415
1786,249058,249359,248856,249168,249415
1787,249058,249359,248856,249168,249415
1788,249058,249359,248856,249168,249415
1789,249058,249359,248856,249168,249415
1790,249058,249359,248856,249168,249415
1791,249058,249359,248856,249168,249415
1792,249058,249359,248856,249168,249415
1793,249058,249359,248856,249168,249415
1794,249058,249359,248856,249168,249415
1795,249058,249359,248856,249168,249415
1796,249058,249359,248856,249168,249415
1797,249058,249359,248856,249168,249415
1798,249058,249359,248856,249168,249415
1799,249058,249359,248856,249168,249415
1800,249058,249359,248856,249168,249415
1801,249058,249359,248856,249168,249415
1802,249058,249359,248856,249168,249415
1803,249058,249359,248856,249168,249415
1804,249058,249359,248856,249168,249415
1805,249058,249359,248856,249168,249415
1806,249058,249359,248856,249168,249415
1807,249058,249359,248856,249168,249415
1808,249058,249359,248856,249168,249415
1809,249058,249359,248856,249168,249415
1810,249058,249359,248856,249168,249415
1811,249058,249359,248856,249168,249415
1812,249058,249359,248856,249168,249415
1813,249058,249359,248856,249168,249415
1814,249058,249359,248856,249168,249415
1815,249058,249359,248856,249168,249415
1816,249058,249359,248856,249168,249415
1817,249058,249359,248856,249168,249415
1818,249058,249359,248856,249168,249415
1819,249058,249359,248856,249168,249415
1820,249058,249359,248856,249168,249415
1821,249058,249359,248856,249168,249415
1822,249058,249359,248856,249168,249415
1823,249058,249359,248856,249168,249415
1824,249058,249359,248856,249168,249415
1825,249058,249359,248856,249168,249415
1826,249058,249359,248856,249168,249415
1827,249058,249359,248856,249168,249415
1828,249058,249359,248856,249168,249415
1829,249058,249359,248856,249168,249415
1830,249058,249359,248856,249168,249415
1831,249058,249359,248856,249168,249415
1832,249058,249359,248856,249168,249415
1833,249058,249359,248856,249168,249415
1834,249058,249359,248856,249168,249415
1835,249058,249359,248856,249168,249415
1836,249058,249359,248856,249168,249415
1837,249058,249359,248856,249168,249415
1838,249058,249359,248856,249168,249415
1839,249058,249359,248856,249168,249415
1840,249058,249359,248856,249168,249415
1841,249058,249359,248856,249168,249415
1842,249058,249359,248856,249168,249415
1843,249058,249359,248856,249168,249415
1844,249058,249359,248856,249168,249415
1845,249058,249359,248856,249168,249415
1846,249058,249359,248856,249168,249415
1847,249058,249359,248856,249168,249415
1848,249058,249359,248856,249168,249415
1849,249058,249359,248856,249168,249415
1850,249058,249359,248856,249168,249415
1851,249058,249359,248856,249168,249415
1852,249058,249359,248856,249168,249415
1853,249058,249359,248856,249168,249415
1854,249058,249359,248856,249168,249415
1855,249058,249359,248856,249168,249415
1856,249058,249359,248856,249168,249415
1857,249058,249359,248856,249168,249415
1858,249058,249359,248856,249168,249415
1859,249058,249359,248856,249168,249415
1860,249058,249359,248856,249168,249415
1861,249058,249359,248856,249168,249415
1862,249058,249359,248856,249168,249415
1863,249058,249359,248856,249168,249415
1864,249058,249359,248856,249168,249415
1865,249058,249359,248856,249168,249415
1866,249058,249359,249064,249168,249415
1867,249058,249359,249064,249168,249415
1868,249058,249359,249064,249168,249415
1869,249058,249359,249064,249168,249415
1870,249058,249359,249064,249168,249415
1871,249058,249359,249064,249168,249415
1872,249058,249359,249064,249168,249415
1873,249058,249359,249064,249168,249415
1874,249058,249359,249064,249168,249415
1875,249058,249359,249064,249168,249415
1876,249058,249359,249064,249168,249415
1877,249058,249359,249064,249168,249415
1878,249058,249359,249064,249168,249415
1879,249058,249359,249064,249168,249415
1880,249058,249359,249064,249168,249415
1881,249058,249359,249064,249168,249415
1882,249058,249359,249064,249168,249415
1883,249058,249359,249064,249168,249415
1884,249058,249359,249064,249168,249415
1885,249058,249359,249064,249168,249415
1886,249058,249359,249064,249168,249415
1887,249058,249359,249064,249168,249415
1888,249058,249359,249064,249168,249415
1889,249058,249359,249064,249168,249415
1890,249058,249359,249064,249168,249415
1891,249058,249359,249064,249168,249415
1892,249058,249359,249064,249168,249415
1893,249058,249359,249064,249168,249415
1894,249058,249359,249064,249168,249415
1895,249058,249359,249064,249168,249415
1896,249058,249359,249064,249168,249415
1897,249058,249359,249064,249168,249415
1898,249058,249359,249064,249168,249415
1899,249058,249359,249064,249168,249415
1900,249058,249359,249064,249168,249415
1901,249058,249359,249064,249168,249415
1902,249058,249359,249064,249168,249415
1903,249058,249359,249064,249168,249415
1904,249058,249359,249064,249168,249415
1905,249058,249359,249064,249168,249415
1906,249058,249359,249064,249168,249415
1907,249058,249359,249064,249168,249415
1908,249058,249359,249064,249168,249415
1909,249058,249359,249064,249168,249415
1910,249058,249359,249064,249168,249415
1911,249058,249359,249064,249168,249415
1912,249058,249359,249064,249168,249415
1913,249058,249359,249064,249168,249415
1914,249058,249359,249064,249168,249415
1915,249058,249359,249064,249168,249415
1916,249058,249359,249064,249168,249415
1917,249058,249359,249064,249168,249415
1918,249058,249359,249064,249168,249415
1919,249058,249359,249064,249168,249415
1920,249058,249359,249064,249168,249415
1921,249058,249359,249064,249168,249415
1922,249058,249359,249064,249168,249415
1923,249058,249359,249064,249168,249415
1924,249058,249359,249064,249168,249415
1925,249058,249359,249064,249168,249415
1926,249058,249359,249064,249168,249415
1927,249058,249359,249064,249168,249415
1928,249058,249359,249064,249168,249415
1929,249058,249359,249064,249168,249415
1930,249058,249359,249064,249168,249415
1931,249058,249359,249064,249168,249415
1932,249058,249359,249064,249168,249415
1933,249058,249359,249064,249168,249415
1934,249058,249359,249064,249168,249415
1935,249058,249359,249064,249168,249415
1936,249058,249359,249064,249168,249415
1937,249058,249359,249064,249168,249415
1938,249058,249359,249064,249168,249415
1939,249058,249359,249064,249168,249415
1940,249058,249359,249064,249168,249415
1941,249058,249359,249064,249168,249415
1942,249058,249359,249064,249168,249415
1943,249063,249359,249064,249168,249415
1944,249063,249359,249064,249168,249415
1945,249063,249359,249064,249168,249415
1946,249063,249359,249064,249168,249415
1947,249063,249359,249064,249168,249415
1948,249063,249359,249064,249168,249415
1949,249063,249359,249064,249168,249415
1950,249063,249359,249064,249168,249415
1951,249063,249359,249064,249168,249415
1952,249063,249359,249064,249168,249415
1953,249063,249359,249064,249168,249415
1954,249063,249359,249064,249168,249415
1955,249063,249359,249124,249168,249415
1956,249063,249359,249124,249168,249415
1957,249079,249359,249124,249168,249415
1958,249079,249359,249124,249168,249415
1959,249079,249359,249124,249168,249415
1960,249079,249359,249124,249168,249415
1961,249079,249359,249124,249168,249415
1962,249079,249359,249124,249168,249415
1963,249079,249359,249124,249168,249415
1964,249079,249359,249124,249168,249415
1965,249079,249359,249124,249168,249415
1966,249079,249359,249124,249168,249415
1967,249079,249359,249124,249168,249415
1968,249079,249359,249124,249168,249415
1969,249079,249359,249124,249168,249415
1970,249079,249359,249124,249168,249415
1971,249079,249359,249124,249168,249415
1972,249079,249359,249124,249168,249415
1973,249079,249359,249124,249168,249415
1974,249079,249359,249124,249168,249415
1975,249079,249359,249124,249168,249415
1976,249079,249359,249124,249168,249415
1977,249079,249359,249124,249168,249415
1978,249079,249359,249124,249168,249415
1979,249079,249359,249124,249168,249415
1980,249079,249359,249124,249168,249415
1981,249079,249359,249124,249168,249415
1982,249079,249359,249124,249168,249415
1983,249079,249359,249124,249168,249415
1984,249079,249359,249124,249168,249415
1985,249079,249359,249124,249168,249415
1986,249079,249359,249124,249168,249415
1987,249079,249359,249124,249168,249415
1988,249079,249359,249124,249168,249415
1989,249079,249359,249124,249168,249415
1990,249079,249359,249124,249168,249415
1991,249079,249359,249124,249168,249415
1992,249079,249359,249124,249168,249415
1993,249079,249359,249124,249168,249415
1994,249079,249359,249124,249168,249415
1995,249079,249359,249124,249168,249415
1996,249079,249359,249124,249168,249415
1997,249079,249359,249124,249168,249415
1998,249079,249359,249124,249168,249415
